Packet Count,Total Length,Avg Interval (s),Max Interval (s),Min Interval (s),Avg Length (bytes),Max Length (bytes),Min Length (bytes),Most Common Length (bytes),Label
16,2194,3.829345266666667,44.641063,9.200000000220143e-05,137.125,295,86,86,Reddit
2603,1507206,0.01209199039200615,1.2703659999999992,0.0,579.0265078755282,3660,54,54,Reddit
8,958,0.6930795714285714,4.829743000000001,0.00022799999999989495,119.75,193,74,74,Reddit
2384,1226273,0.009591080151070078,1.3906939999999999,0.0,514.3762583892617,15894,54,54,Reddit
729,225431,0.06841174038461538,1.699636,0.0,309.2331961591221,10274,54,54,Reddit
2222,1434237,0.006530686627645205,0.9020130000000001,0.0,645.471197119712,6328,54,1510,Reddit
3724,3425019,0.01331915766854687,1.2733440000000016,0.0,919.7150912996777,14454,54,1510,Reddit
2858,1347411,0.01616670283514176,1.9926239999999993,0.0,471.4524142757173,8808,54,54,Reddit
2551,1706454,0.016709450980392157,1.0135560000000012,0.0,668.9353194825559,15405,54,1510,Reddit
8534,8053355,0.004076760225008789,1.2613500000000002,0.0,943.6788141551441,15031,54,1242,Reddit
1883,900887,0.014460153560042509,1.15137,0.0,478.43175783324483,16460,54,54,Reddit
1173,748607,0.014720504266211605,1.5354919999999996,0.0,638.1986359761296,7861,54,54,Reddit
1632,663671,0.02426628755364807,1.423649000000001,0.0,406.6611519607843,4975,54,54,Reddit
1058,698412,0.00688637275307474,0.46900600000000003,0.0,660.124763705104,3660,54,1510,Reddit
749,394171,0.006177056149732621,0.4155759999999997,0.0,526.2630173564753,3660,54,54,Reddit
